Workbook

Sheet Liste employés
A1: Numéro employé | B1: Nom employé | C1: Salaire annuel
A2: 75789 | B2: Michael Scott | C2: 82843
A3: 86533 | B3: Dwight Schrute | C3: 45236
A4: 27134 | B4: Jim Halpert | C4: 67355
A5: 19668 | B5: Pam Beesly | C5: 73190
A6: 85807 | B6: Ryan Howard | C6: 57351
A7: 52950 | B7: Stanley Hudson | C7: 109171
A8: 59988 | B8: Kevin Malone | C8: 68068
A9: 33300 | B9: Meredith Palmer | C9: 100414
A10: 60875 | B10: Angela Martin | C10: 98723
A11: 79020 | B11: Oscar Martinez | C11: 85704
A12: 15444 | B12: Phyllis Vance | C12: 88578
A13: 69985 | B13: Roy Anderson | C13: 68428
... A26: 60514 | B26: Pete Miller | C26: 80198

Sheet Registre de paie
A1: Numéro employé | B1: Nom employé | C1: Paie hebdomadaire | D1: Bonus | E1: Total | L1: Bonus | M1: 0.1
A2: 75789 | B2: =VLOOKUP(A2,'Liste employés'!A2:B26,2) -> Pete Miller | C2: =VLOOKUP(A2,'Liste employés'!A2:BC26,3) /52 -> 1542.2692 | D2: =C2*M1 -> 154.22692 | E2: =C2+D2 -> 1696.4962
A3: 15444 | B3: =VLOOKUP(A3,'Liste employés'!A3:B27,2) -> #N/A | C3: =VLOOKUP(A3,'Liste employés'!A3:BC27,3) /52 -> #N/A | D3: =C3*M2 -> #N/A | E3: =C3+D3 -> #N/A
A4: 19668 | B4: =VLOOKUP(A4,'Liste employés'!A4:B28,2) -> #N/A | C4: =VLOOKUP(A4,'Liste employés'!A4:BC28,3) /52 -> #N/A | D4: =C4*M3 -> #N/A | E4: =C4+D4 -> #N/A
A5: 24282 | B5: =VLOOKUP(A5,'Liste employés'!A5:B29,2) -> Pam Beesly | C5: =VLOOKUP(A5,'Liste employés'!A5:BC29,3) /52 -> 1407.5 | D5: =C5*M4 -> 0 | E5: =C5+D5 -> 1407.5
A6: 24381 | B6: =VLOOKUP(A6,'Liste employés'!A6:B30,2) -> #N/A | C6: =VLOOKUP(A6,'Liste employés'!A6:BC30,3) /52 -> #N/A | D6: =C6*M5 -> #N/A | E6: =C6+D6 -> #N/A
A7: 24718 | B7: =VLOOKUP(A7,'Liste employés'!A7:B31,2) -> Phyllis Vance | C7: =VLOOKUP(A7,'Liste employés'!A7:BC31,3) /52 -> 1703.4231 | D7: =C7*M6 -> 0 | E7: =C7+D7 -> 1703.4231
A8: 27134 | B8: =VLOOKUP(A8,'Liste employés'!A8:B32,2) -> #N/A | C8: =VLOOKUP(A8,'Liste employés'!A8:BC32,3) /52 -> #N/A | D8: =C8*M7 -> #N/A | E8: =C8+D8 -> #N/A
A9: 29237 | B9: =VLOOKUP(A9,'Liste employés'!A9:B33,2) -> Jan Levinson | C9: =VLOOKUP(A9,'Liste employés'!A9:BC33,3) /52 -> 1992.5192 | D9: =C9*M8 -> 0 | E9: =C9+D9 -> 1992.5192
A10: 29512 | B10: =VLOOKUP(A10,'Liste employés'!A10:B34,2) -> Clark Green | C10: =VLOOKUP(A10,'Liste employés'!A10:BC34,3) /52 -> 1555.5192 | D10: =C10*M9 -> 0 | E10: =C10+D10 -> 1555.5192
A11: 32021 | B11: =VLOOKUP(A11,'Liste employés'!A11:B35,2) -> #N/A | C11: =VLOOKUP(A11,'Liste employés'!A11:BC35,3) /52 -> #N/A | D11: =C11*M10 -> #N/A | E11: =C11+D11 -> #N/A
A12: 33300 | B12: =VLOOKUP(A12,'Liste employés'!A12:B36,2) -> Holly Flax | C12: =VLOOKUP(A12,'Liste employés'!A12:BC36,3) /52 -> 1380.8269 | D12: =C12*M11 -> 0 | E12: =C12+D12 -> 1380.8269
A13: 34290 | B13: =VLOOKUP(A13,'Liste employés'!A13:B37,2) -> Clark Green | C13: =VLOOKUP(A13,'Liste employés'!A13:BC37,3) /52 -> 1555.5192 | D13: =C13*M12 -> 0 | E13: =C13+D13 -> 1555.5192
... A26: 86533 | B26: =VLOOKUP(A26,'Liste employés'!A26:B50,2) -> Pete Miller | C26: =VLOOKUP(A26,'Liste employés'!A26:BC50,3) /52 -> 1542.2692 | D26: =C26*M25 -> 0 | E26: =C26+D26 -> 1542.2692
