Workbook

Sheet Charte de notes
A1: Min | B1: Max | C1: Lettre
A2: 96 | B2: 100 | C2: A+
A3: 91 | B3: 95 | C3: A
A4: 86 | B4: 90 | C4: A-
A5: 81 | B5: 85 | C5: B+
A6: 76 | B6: 80 | C6: B
A7: 71 | B7: 75 | C7: B-
A8: 66 | B8: 70 | C8: C+
A9: 61 | B9: 65 | C9: C
A10: 56 | B10: 60 | C10: C-
A11: 0 | B11: 55 | C11: E

Sheet Notes des élèves
A1: Étudiant | B1: Note numérique | C1: Lettre
A2: Michael Scott | B2: 56 | C2: =VLOOKUP(B2,'Charte de notes'!A2:C11,3,FALSE) -> C-
A3: Dwight Schrute | B3: 40 | C3: =VLOOKUP(B3,'Charte de notes'!A3:C12,3,FALSE) -> #N/A
A4: Jim Halpert | B4: 80 | C4: =VLOOKUP(B4,'Charte de notes'!A4:C13,3,FALSE) -> #N/A
A5: Pam Beesly | B5: 67 | C5: =VLOOKUP(B5,'Charte de notes'!A5:C14,3,FALSE) -> #N/A
A6: Ryan Howard | B6: 67 | C6: =VLOOKUP(B6,'Charte de notes'!A6:C15,3,FALSE) -> #N/A
A7: Stanley Hudson | B7: 53 | C7: =VLOOKUP(B7,'Charte de notes'!A7:C16,3,FALSE) -> #N/A
A8: Kevin Malone | B8: 59 | C8: =VLOOKUP(B8,'Charte de notes'!A8:C17,3,FALSE) -> #N/A
A9: Meredith Palmer | B9: 55 | C9: =VLOOKUP(B9,'Charte de notes'!A9:C18,3,FALSE) -> #N/A
A10: Angela Martin | B10: 62 | C10: =VLOOKUP(B10,'Charte de notes'!A10:C19,3,FALSE) -> #N/A
A11: Oscar Martinez | B11: 88 | C11: =VLOOKUP(B11,'Charte de notes'!A11:C20,3,FALSE) -> #N/A
A12: Phyllis Vance | B12: 37 | C12: =VLOOKUP(B12,'Charte de notes'!A12:C21,3,FALSE) -> #N/A
A13: Roy Anderson | B13: 67 | C13: =VLOOKUP(B13,'Charte de notes'!A13:C22,3,FALSE) -> #N/A
... A26: Pete Miller | B26: 95 | C26: =VLOOKUP(B26,'Charte de notes'!A26:C35,3,FALSE) -> #N/A
